Workbook

Sheet 検証ログ
A1: 検証日 | B1: モンスター名 | C1: マップ | D1: 構成 | E1: 検証分 | F1: 討伐数 | G1: 通常ドロップ名 | H1: 通常個数 | I1: 通常単価G | J1: レアドロップ名 | K1: レア個数 | L1: レア単価G | M1: 魔因細胞 | N1: 魔因細胞単価G | O1: 閃魔細胞 | P1: 閃魔細胞単価G | Q1: 魔因細胞のかけら | R1: かけら単価G | S1: 閃魔細胞のかけら | T1: 閃かけら単価G | U1: 売上合計G | V1: 時給換算G | W1: 討伐/時 | X1: 通常/時 | Y1: レア/時 | Z1: 狩りやすさ1-5 | AA1: 湧き1-5 | AB1: アクセス1-5 | AC1: おすすめ度 | AD1: メモ
A2: 46193 | B2: デスマドモアゼル | C2: 神代の遺構｜ムニエカ・隠し通路 | D2: 自まも＋レン2＋盗賊 | E2: 10 | F2: 18 | G2: 大きなこうら | H2: 3 | I2: 2000 | J2: 烈風石 | K2: 0 | L2: 12000 | M2: 0 | N2: 99000 | O2: 0 | P2: 19000 | Q2: 1 | R2: 4875 | S2: 0 | T2: 1000 | U2: =H2*I2+K2*L2+M2*N2+O2*P2+Q2*R2+S2*T2 -> 10875 | V2: =IF(E2>0,U2/E2*60,0) -> 65250 | W2: =IF(E2>0,F2/E2*60,0) -> 108 | X2: =IF(E2>0,H2/E2*60,0) -> 18 | Y2: =IF(E2>0,K2/E2*60,0) -> 0 | Z2: 2 | AA2: 2 | AB2: 3 | AC2: B | AD2: 硬い。10分時点では候補止まり
A3: 46193 | B3: ごうけつぐま | C3: オルセコ王国領｜バルディア山岳地帯｜ザハディガル岩峰 | D3: 自まも＋レン＋盗賊2 | E3: 10 | F3: 42 | G3: 大きな化石 | H3: 10 | I3: 948 | J3: とこしえの虹 | K3: 1 | L3: 14000 | M3: 0 | N3: 99000 | O3: 0 | P3: 19000 | Q3: 2 | R3: 4875 | S3: 0 | T3: 1000 | U3: =H3*I3+K3*L3+M3*N3+O3*P3+Q3*R3+S3*T3 -> 33230 | V3: =IF(E3>0,U3/E3*60,0) -> 199380 | W3: =IF(E3>0,F3/E3*60,0) -> 252 | X3: =IF(E3>0,H3/E3*60,0) -> 60 | Y3: =IF(E3>0,K3/E3*60,0) -> 6 | Z3: 4 | AA3: 4 | AB3: 4 | AC3: S | AD3: 狩りやすい。30分検証候補
A4: 46193 | B4: わかめ王子・強 | C4: 血潮の浜辺｜閉ざされた水路｜ジャリムバハ砂漠 | D4: 自まも＋レン2＋盗賊 | U4: =H4*I4+K4*L4+M4*N4+O4*P4+Q4*R4+S4*T4 -> 0 | V4: =IF(E4>0,U4/E4*60,0) -> 0 | W4: =IF(E4>0,F4/E4*60,0) -> 0 | X4: =IF(E4>0,H4/E4*60,0) -> 0 | Y4: =IF(E4>0,K4/E4*60,0) -> 0
A5: 46193 | B5: ワニバーン | C5: オーフィーヌ海底｜ナドラガンドの混沌 | D5: 自まも＋レン＋盗賊2 | U5: =H5*I5+K5*L5+M5*N5+O5*P5+Q5*R5+S5*T5 -> 0 | V5: =IF(E5>0,U5/E5*60,0) -> 0 | W5: =IF(E5>0,F5/E5*60,0) -> 0 | X5: =IF(E5>0,H5/E5*60,0) -> 0 | Y5: =IF(E5>0,K5/E5*60,0) -> 0
A6: 46193 | B6: ミーラカンス | C6: キュロン湿原 | D6: 自まも＋レン2＋盗賊 | U6: =H6*I6+K6*L6+M6*N6+O6*P6+Q6*R6+S6*T6 -> 0 | V6: =IF(E6>0,U6/E6*60,0) -> 0 | W6: =IF(E6>0,F6/E6*60,0) -> 0 | X6: =IF(E6>0,H6/E6*60,0) -> 0 | Y6: =IF(E6>0,K6/E6*60,0) -> 0
A7: 46193 | B7: むくろカサゴ | C7: 歌姫の絶望 | D7: 自まも＋レン2＋盗賊 | U7: =H7*I7+K7*L7+M7*N7+O7*P7+Q7*R7+S7*T7 -> 0 | V7: =IF(E7>0,U7/E7*60,0) -> 0 | W7: =IF(E7>0,F7/E7*60,0) -> 0 | X7: =IF(E7>0,H7/E7*60,0) -> 0 | Y7: =IF(E7>0,K7/E7*60,0) -> 0
A8: 46193 | B8: コットンキャンディ | C8: 神具解放の審問宮1｜神具解放の審問宮2｜神具解放の審問宮3 | D8: 自まも＋レン＋盗賊2 | U8: =H8*I8+K8*L8+M8*N8+O8*P8+Q8*R8+S8*T8 -> 0 | V8: =IF(E8>0,U8/E8*60,0) -> 0 | W8: =IF(E8>0,F8/E8*60,0) -> 0 | X8: =IF(E8>0,H8/E8*60,0) -> 0 | Y8: =IF(E8>0,K8/E8*60,0) -> 0
A9: 46193 | B9: にじくじゃく | C9: 古・ティプローネ高地｜現・ティプローネ高地｜輝きの草原 | D9: 自まも＋レン＋盗賊2 | U9: =H9*I9+K9*L9+M9*N9+O9*P9+Q9*R9+S9*T9 -> 0 | V9: =IF(E9>0,U9/E9*60,0) -> 0 | W9: =IF(E9>0,F9/E9*60,0) -> 0 | X9: =IF(E9>0,H9/E9*60,0) -> 0 | Y9: =IF(E9>0,K9/E9*60,0) -> 0
A10: 46193 | B10: 死のさそり | C10: 試みの荒野｜三闘士の憤怒 | D10: 自まも＋レン＋盗賊2 | U10: =H10*I10+K10*L10+M10*N10+O10*P10+Q10*R10+S10*T10 -> 0 | V10: =IF(E10>0,U10/E10*60,0) -> 0 | W10: =IF(E10>0,F10/E10*60,0) -> 0 | X10: =IF(E10>0,H10/E10*60,0) -> 0 | Y10: =IF(E10>0,K10/E10*60,0) -> 0
U11: =H11*I11+K11*L11+M11*N11+O11*P11+Q11*R11+S11*T11 -> 0 | V11: =IF(E11>0,U11/E11*60,0) -> 0 | W11: =IF(E11>0,F11/E11*60,0) -> 0 | X11: =IF(E11>0,H11/E11*60,0) -> 0 | Y11: =IF(E11>0,K11/E11*60,0) -> 0
U12: =H12*I12+K12*L12+M12*N12+O12*P12+Q12*R12+S12*T12 -> 0 | V12: =IF(E12>0,U12/E12*60,0) -> 0 | W12: =IF(E12>0,F12/E12*60,0) -> 0 | X12: =IF(E12>0,H12/E12*60,0) -> 0 | Y12: =IF(E12>0,K12/E12*60,0) -> 0
U13: =H13*I13+K13*L13+M13*N13+O13*P13+Q13*R13+S13*T13 -> 0 | V13: =IF(E13>0,U13/E13*60,0) -> 0 | W13: =IF(E13>0,F13/E13*60,0) -> 0 | X13: =IF(E13>0,H13/E13*60,0) -> 0 | Y13: =IF(E13>0,K13/E13*60,0) -> 0
U14: =H14*I14+K14*L14+M14*N14+O14*P14+Q14*R14+S14*T14 -> 0 | V14: =IF(E14>0,U14/E14*60,0) -> 0 | W14: =IF(E14>0,F14/E14*60,0) -> 0 | X14: =IF(E14>0,H14/E14*60,0) -> 0 | Y14: =IF(E14>0,K14/E14*60,0) -> 0
U15: =H15*I15+K15*L15+M15*N15+O15*P15+Q15*R15+S15*T15 -> 0 | V15: =IF(E15>0,U15/E15*60,0) -> 0 | W15: =IF(E15>0,F15/E15*60,0) -> 0 | X15: =IF(E15>0,H15/E15*60,0) -> 0 | Y15: =IF(E15>0,K15/E15*60,0) -> 0
U16: =H16*I16+K16*L16+M16*N16+O16*P16+Q16*R16+S16*T16 -> 0 | V16: =IF(E16>0,U16/E16*60,0) -> 0 | W16: =IF(E16>0,F16/E16*60,0) -> 0 | X16: =IF(E16>0,H16/E16*60,0) -> 0 | Y16: =IF(E16>0,K16/E16*60,0) -> 0
U17: =H17*I17+K17*L17+M17*N17+O17*P17+Q17*R17+S17*T17 -> 0 | V17: =IF(E17>0,U17/E17*60,0) -> 0 | W17: =IF(E17>0,F17/E17*60,0) -> 0 | X17: =IF(E17>0,H17/E17*60,0) -> 0 | Y17: =IF(E17>0,K17/E17*60,0) -> 0
U18: =H18*I18+K18*L18+M18*N18+O18*P18+Q18*R18+S18*T18 -> 0 | V18: =IF(E18>0,U18/E18*60,0) -> 0 | W18: =IF(E18>0,F18/E18*60,0) -> 0 | X18: =IF(E18>0,H18/E18*60,0) -> 0 | Y18: =IF(E18>0,K18/E18*60,0) -> 0
U19: =H19*I19+K19*L19+M19*N19+O19*P19+Q19*R19+S19*T19 -> 0 | V19: =IF(E19>0,U19/E19*60,0) -> 0 | W19: =IF(E19>0,F19/E19*60,0) -> 0 | X19: =IF(E19>0,H19/E19*60,0) -> 0 | Y19: =IF(E19>0,K19/E19*60,0) -> 0
U20: =H20*I20+K20*L20+M20*N20+O20*P20+Q20*R20+S20*T20 -> 0 | V20: =IF(E20>0,U20/E20*60,0) -> 0 | W20: =IF(E20>0,F20/E20*60,0) -> 0 | X20: =IF(E20>0,H20/E20*60,0) -> 0 | Y20: =IF(E20>0,K20/E20*60,0) -> 0
U21: =H21*I21+K21*L21+M21*N21+O21*P21+Q21*R21+S21*T21 -> 0 | V21: =IF(E21>0,U21/E21*60,0) -> 0 | W21: =IF(E21>0,F21/E21*60,0) -> 0 | X21: =IF(E21>0,H21/E21*60,0) -> 0 | Y21: =IF(E21>0,K21/E21*60,0) -> 0
U22: =H22*I22+K22*L22+M22*N22+O22*P22+Q22*R22+S22*T22 -> 0 | V22: =IF(E22>0,U22/E22*60,0) -> 0 | W22: =IF(E22>0,F22/E22*60,0) -> 0 | X22: =IF(E22>0,H22/E22*60,0) -> 0 | Y22: =IF(E22>0,K22/E22*60,0) -> 0
... U301: =H301*I301+K301*L301+M301*N301+O301*P301+Q301*R301+S301*T301 -> 0 | V301: =IF(E301>0,U301/E301*60,0) -> 0 | W301: =IF(E301>0,F301/E301*60,0) -> 0 | X301: =IF(E301>0,H301/E301*60,0) -> 0 | Y301: =IF(E301>0,K301/E301*60,0) -> 0

Sheet 実測ランキング
A1: 実測ランキング
A3: 順位 | B3: モンスター名 | C3: マップ | D3: 構成 | E3: 検証分 | F3: 売上合計G | G3: 時給換算G | H3: おすすめ度 | J3: 検証サマリー
A4: ※検証ログの「時給換算G」で降順ソートすると実測ランキングになります。下の表はメモ用です。 | J4: 検証件数 | K4: =COUNTA(検証ログ!B2:B301) -> 9 | M4: 最高時給G | N4: =MAX(検証ログ!V2:V301) -> 199380
J5: 総検証時間(分) | K5: =SUM(検証ログ!E2:E301) -> 20 | M5: 平均時給G | N5: =IFERROR(AVERAGEIF(検証ログ!V2:V301,">0"),0) -> 132315
A6: 順位 | B6: モンスター名 | C6: マップ | D6: 構成 | E6: 検証分 | F6: 売上合計G | G6: 時給換算G | H6: メモ | J6: 通常合計 | K6: =SUM(検証ログ!H2:H301) -> 13 | M6: レア合計 | N6: =SUM(検証ログ!K2:K301) -> 1
A7: 1 | J7: 細胞/かけら合計 | K7: =SUM(検証ログ!M2:M301)+SUM(検証ログ!O2:O301)+SUM(検証ログ!Q2:Q301)+SUM(検証ログ!S2:S301) -> 3 | M7: 売上合計G | N7: =SUM(検証ログ!U2:U301) -> 44105
A8: 2
A9: 3
A10: 4
A11: 5
A12: 6
A13: 7
A14: 8
A15: 9
A16: 10
A17: 11
A18: 12
A19: 13
... A56: 50

Sheet 設定
A1: 区分 | B1: 候補値 | C1: 説明 | D1: 備考 | F1: 構成候補 | G1: 説明 | H1: メモ | J1: スコア
A2: おすすめ度 | B2: SS | C2: 最有力。30分以上の追加検証対象 | F2: 自まも＋レン2＋盗賊 | G2: hjp2900以上モンスター。 | H2: 基本構成 | J2: 2
A3: おすすめ度 | B3: S | C3: かなり良い | F3: 自まも＋レン＋盗賊2 | G3: 盗み特化。呼べない敵向け | J3: 1
A4: おすすめ度 | B4: A | C4: 候補としてあり | F4: 自まも＋盗賊3 | G4: 回復不安だが盗み寄り | J4: 3
A5: おすすめ度 | B5: B | C5: 微妙。条件次第 | F5: 自まも＋盗賊2＋レン | G5: ブレス/状態異常対策 | J5: 4
A6: おすすめ度 | B6: C | C6: 非推奨 | F6: その他 | G6: 自由入力 | J6: 5
A7: おすすめ度 | B7: 除外 | C7: 金策対象外

Sheet 使い方
A1: 盗み金策 実測検証ブック
A3: 使い方
A4: 1 | B4: 検証ログに、同じパーティー構成・同じ条件で10分 or 30分の結果を入力します。
A5: 2 | B5: 黄色系の列が主な入力欄です。価格はサイトの現在価格を見て手入力、または後でコピペ運用してください。
A6: 3 | B6: 売上合計・時給換算・ドロップ/時は自動計算されます。
A7: 4 | B7: 実測ランキングは検証ログから自動集計用の表です。まずはログを50〜100行くらい貯める想定です。
A8: 5 | B8: 最初は上位50体を全部30分ではなく、上位20体を10分スクリーニング→良さそうな敵だけ30分がおすすめです。
A9: 注意 | B9: ランキングは実測ベースで育てる前提です。狩りやすさ・湧き・アクセスは5段階で主観入力してください。
A10: おすすめ構成 | B10: 自まも＋盗賊2＋旅。比較目的なら構成は固定してください。
A12: 除外リストについて | B12: 検証前から金策向きではないモンスターは「除外リスト」に登録します。
A13: 使いどころ | B13: メタル系・宝箱系・転生・ボス系・出現数が少ない敵など、30分計測する価値が低い敵を先に外すためのシートです。
A14: おすすめ運用 | B14: 盗み金策ランキング上位50から、明らかに実用性が低い敵を除外リストへ入れてから、残った敵を10分→30分の順で検証してください。
A15: サイト反映 | B15: サイト側の除外定数やCSVに反映したら「サイト除外に反映」を済にしてください。

Sheet 除外リスト
A1: 検証前に除外するモンスター一覧
A2: ここに「実践する前から金策向きではない」と分かるモンスターを登録します。サイト側の除外リスト候補としても使えます。
A4: モンスター名 | B4: 除外理由 | C4: 分類 | D4: 除外レベル | E4: 判定日 | F4: 確認者 | G4: サイト除外に反映 | H4: メモ
A5: はぐれメタル | B5: 出現数が極端に少なく、盗み金策として再現性が低い | C5: メタル系 | D5: 除外 | E5: 2026-06-20 | F5: もんち | G5: 済 | H5: 異常値
A6: メタルキング | B6: 出現数が極端に少なく、通常金策対象ではない | C6: メタル系 | D6: 除外 | E6: 2026-06-20 | F6: もんち | G6: 済 | H6: 異常値
A7: ミミック・強 | B7: 宝箱系で安定して狩る対象ではない | C7: 宝箱系 | D7: 除外 | E7: 2026-06-20 | F7: もんち | G7: 済 | H7: 異常値
A8: エンペラーレグホン | B8: hp高い | C8: 硬すぎる | D8: 除外 | E8: 2026-06-20 | F8: もんち | G8: 済 | H8: 異常値
A9: グレイトドラゴン | B9: hp高い | C9: 硬すぎる | D9: 除外 | E9: 2026-06-20 | F9: もんち | G9: 済 | H9: 異常値
A10: ダークパラディン | B10: hp高い | C10: 硬すぎる | D10: 除外 | E10: 2026-06-20 | F10: もんち | G10: 済 | H10: 異常値
A11: キースドラゴン | B11: hp高い | C11: 硬すぎる | D11: 除外 | E11: 2026-06-20 | F11: もんち | G11: 済 | H11: 異常値
A12: ダースドラゴン | B12: hp高い | C12: 硬すぎる | D12: 除外 | E12: 2026-06-20 | F12: もんち | G12: 済 | H12: 異常値
A13: クラ―ゴン | B13: hp高い | C13: 硬すぎる | D13: 除外 | E13: 2026-06-20 | F13: もんち | G13: 済 | H13: 異常値
A14: スピンサタン | B14: hp高い | C14: 硬すぎる | D14: 除外 | E14: 2026-06-20 | F14: もんち | G14: 済 | H14: 異常値
A15: 大王イカ | B15: hp高い | C15: 硬すぎる | D15: 除外 | E15: 2026-06-20 | F15: もんち | G15: 済 | H15: 異常値
... A27: てんとうスカラベ | B27: hp高い | C27: 硬すぎる | D27: 除外 | E27: 2026-06-20 | F27: もんち | G27: 済 | H27: 異常値
